Order Id,Order Date,Customer Name,Customer Email,Service Name,Service Code,Payment Frequency,Payment Mode,Transaction ID,Amount,Status,Transaction Date
1010,"03/03/16 09:10am","Fname Lname (4812538)",qualdev.test@gmail.com,"Ambassador Service",AS,,"One Time",104786482,$0.00,Declined,"03/03/16 10:37am"
1011,"03/03/16 09:20am","Fname Lname (4812736)",qualdev.test@gmail.com,"Ambassador Service",AS,Daily,Recurring,104786263,$0.00,Declined,"03/03/16 10:26am"
1011,"03/03/16 09:20am","Fname Lname (4812736)",qualdev.test@gmail.com,"Ambassador Service",AS,Daily,Recurring,104786230,$20.00,Approved,"03/03/16 10:23am"
1010,"03/03/16 09:10am","Fname Lname (4812538)",qualdev.test@gmail.com,"Ambassador Service",AS,,"One Time",104785528,$100.00,Approved,"03/03/16 10:17am"
1010,"03/03/16 09:10am","Fname Lname (4812538)",qualdev.test@gmail.com,"Ambassador Service",AS,,"One Time",104785483,$20.00,Approved,"03/03/16 10:16am"
1008,"02/26/16 08:09am","qualdev test (4802002)",qualdev.rajesh@gmail.com,"Project Management Service",PMS,Daily,Recurring,,$2.00,Declined,"03/03/16 09:07am"
1009,"02/29/16 08:06am","qualdev test (4803886)",qualdev.rajesh@gmail.com,"Ambassador Service",AS,Weekly,Recurring,104784142,$5.00,Approved,"03/03/16 09:06am"
1009,"02/29/16 08:06am","qualdev test (4803886)",qualdev.rajesh@gmail.com,"Ambassador Service",AS,Weekly,Recurring,104784130,$5.00,Approved,"03/03/16 09:05am"
1009,"02/29/16 08:06am","qualdev test (4803886)",qualdev.rajesh@gmail.com,"Ambassador Service",AS,Weekly,Recurring,104784121,$20.00,Approved,"03/03/16 09:05am"
1009,"02/29/16 08:06am","qualdev test (4803886)",qualdev.rajesh@gmail.com,"Ambassador Service",AS,Weekly,Recurring,104759269,$20.00,Approved,"03/02/16 09:25am"
1009,"02/29/16 08:06am","qualdev test (4803886)",qualdev.rajesh@gmail.com,"Ambassador Service",AS,Weekly,Recurring,104757751,$20.00,Approved,"03/02/16 07:37am"
1009,"02/29/16 08:06am","qualdev test (4803886)",qualdev.rajesh@gmail.com,"Ambassador Service",AS,Weekly,Recurring,104757613,$20.00,Approved,"03/02/16 06:23am"
1009,"02/29/16 08:06am","qualdev test (4803886)",qualdev.rajesh@gmail.com,"Ambassador Service",AS,Weekly,Recurring,104754901,$20.00,Approved,"03/02/16 05:00am"
1009,"02/29/16 08:06am","qualdev test (4803886)",qualdev.rajesh@gmail.com,"Ambassador Service",AS,Weekly,Recurring,104754883,$20.00,Approved,"03/02/16 04:58am"
1009,"02/29/16 08:06am","qualdev test (4803886)",qualdev.rajesh@gmail.com,"Ambassador Service",AS,Weekly,Recurring,104754769,$20.00,Approved,"03/02/16 04:50am"
1009,"02/29/16 08:06am","qualdev test (4803886)",qualdev.rajesh@gmail.com,"Ambassador Service",AS,Weekly,Recurring,104754721,$20.00,Approved,"03/02/16 04:47am"
1009,"02/29/16 08:06am","qualdev test (4803886)",qualdev.rajesh@gmail.com,"Ambassador Service",AS,Weekly,Recurring,104754619,$20.00,Approved,"03/02/16 04:38am"
1009,"02/29/16 08:06am","qualdev test (4803886)",qualdev.rajesh@gmail.com,"Ambassador Service",AS,Weekly,Recurring,104754598,$20.00,Approved,"03/02/16 04:33am"
1009,"02/29/16 08:06am","qualdev test (4803886)",qualdev.rajesh@gmail.com,"Ambassador Service",AS,Weekly,Recurring,104754580,$20.00,Approved,"03/02/16 04:31am"
1009,"02/29/16 08:06am","qualdev test (4803886)",qualdev.rajesh@gmail.com,"Ambassador Service",AS,Weekly,Recurring,104751991,$20.00,Approved,"03/02/16 02:02am"
1009,"02/29/16 08:06am","qualdev test (4803886)",qualdev.rajesh@gmail.com,"Ambassador Service",AS,Weekly,Recurring,104751847,$20.00,Approved,"03/02/16 01:43am"
1009,"02/29/16 08:06am","qualdev test (4803886)",qualdev.rajesh@gmail.com,"Ambassador Service",AS,Weekly,Recurring,,$20.00,Declined,"03/02/16 01:41am"
1009,"02/29/16 08:06am","qualdev test (4803886)",qualdev.rajesh@gmail.com,"Ambassador Service",AS,Weekly,Recurring,,$20.00,Declined,"03/02/16 01:37am"
1009,"02/29/16 08:06am","qualdev test (4803886)",qualdev.rajesh@gmail.com,"Ambassador Service",AS,Weekly,Recurring,104751739,$20.00,Approved,"03/02/16 01:36am"
1009,"02/29/16 08:06am","qualdev test (4803886)",qualdev.rajesh@gmail.com,"Ambassador Service",AS,Weekly,Recurring,104751715,$20.00,Approved,"03/02/16 01:34am"
